-- phpMyAdmin SQL Dump
-- version 5.2.0
-- https://www.phpmyadmin.net/
--
-- Host: 127.0.0.1
-- Generation Time: Feb 15, 2023 at 04:21 AM
-- Server version: 10.4.27-MariaDB
-- PHP Version: 8.2.0

SET SQL_MODE = "NO_AUTO_VALUE_ON_ZERO";
START TRANSACTION;
SET time_zone = "+00:00";


/*!40101 SET @OLD_CHARACTER_SET_CLIENT=@@CHARACTER_SET_CLIENT */;
/*!40101 SET @OLD_CHARACTER_SET_RESULTS=@@CHARACTER_SET_RESULTS */;
/*!40101 SET @OLD_COLLATION_CONNECTION=@@COLLATION_CONNECTION */;
/*!40101 SET NAMES utf8mb4 */;

--
-- Database: `emp_attendance`
--
CREATE DATABASE IF NOT EXISTS `emp_attendance` DEFAULT CHARACTER SET utf8mb4 COLLATE utf8mb4_general_ci;
USE `emp_attendance`;

-- --------------------------------------------------------

--
-- Table structure for table `employees`
--

CREATE TABLE `employees` (
  `id` int(10) UNSIGNED NOT NULL,
  `fullname` varchar(255) NOT NULL,
  `email` varchar(255) NOT NULL,
  `status` tinyint(1) NOT NULL DEFAULT 0,
  `role` varchar(255) NOT NULL DEFAULT 'employee',
  `password` varchar(255) DEFAULT NULL,
  `created_at` timestamp NULL DEFAULT NULL,
  `updated_at` timestamp NULL DEFAULT NULL
) ENGINE=InnoDB DEFAULT CHARSET=utf8mb4 COLLATE=utf8mb4_unicode_ci;

--
-- Dumping data for table `employees`
--

INSERT INTO `employees` (`id`, `fullname`, `email`, `status`, `role`, `password`, `created_at`, `updated_at`) VALUES
(226, 'Aileen Hoppe', 'qthiel@gusikowski.info', 1, 'employee', '$2y$10$FEIYh3pv/B8V4hzUUbAQIugWGKHXX9kaIQyo.68Prq8Mlye832FkC', '2023-02-14 09:32:44', '2023-02-14 09:36:36'),
(227, 'Kacie Funk IV', 'karolann45@anderson.com', 1, 'employee', '$2y$10$wGKZH3lhZ/Pzw8yPht6FT.e1CQDHv7d7VTQO5sXEUdYi8wz0kVe1e', '2023-02-14 09:32:44', '2023-02-14 09:36:39'),
(228, 'Mossie Bruen', 'brekke.jarod@hotmail.com', 1, 'employee', '$2y$10$9d7MwE07OMtUvIjTWzmUueAhEMbq3zSHJX9fdx3J1ihM8sQzNeomS', '2023-02-14 09:32:44', '2023-02-14 09:36:42'),
(229, 'Giovanni Hills', 'dickens.hilma@schaefer.com', 1, 'employee', '$2y$10$GlLhDcKNAI4YXTDUnMJryuktRiYioUduQv9tvtYXXlDhgMgxNo4Ni', '2023-02-14 09:32:44', '2023-02-14 09:36:45'),
(230, 'Charlene Beer', 'elenora31@ziemann.net', 0, 'employee', '$2y$10$kLVpQkq8ATy.eFiacuOukemrR.alhRF0NVTxzpjUUeQFwhsH9KLii', '2023-02-14 09:32:44', '2023-02-14 09:32:44'),
(231, 'Adolfo Batz', 'paucek.hanna@goyette.com', 0, 'employee', '$2y$10$brLKEfqx3iCI0b7fp0KXbu5xTixp/PYo26GjGULmwfqd85N4xRWv6', '2023-02-14 09:32:44', '2023-02-14 09:32:44'),
(232, 'Evangeline Kreiger Jr.', 'xmayer@muller.info', 1, 'admin', '$2y$10$uKEWUYH13isVyflS3dgIxuChDHlnNNRtl7bffMOiDwtFjw2oQ/AYK', '2023-02-14 09:32:44', '2023-02-14 09:32:44'),
(233, 'Emery Cremin', 'keith.connelly@auer.com', 0, 'employee', '$2y$10$Xu44S5BEVtDMZIsL5gPZAe01r.f7CKpCCtOCgl7wxmDnvCam7VQr6', '2023-02-14 09:32:44', '2023-02-14 09:32:44'),
(234, 'Nola Hirthe', 'fbayer@maggio.net', 0, 'employee', '$2y$10$h7uSJ0Ivq3xJ6CaSkKJnAuu3wWserd9wZeemTkABXQsNg0s.twrd6', '2023-02-14 09:32:44', '2023-02-14 09:32:44'),
(235, 'Luisa Eichmann', 'abigayle.douglas@hotmail.com', 0, 'employee', '$2y$10$tiXOwP.VQ2AUyAlrEYInyuVmnt2wqe41eEJ8sUqsqjgJuEBN5WLIm', '2023-02-14 09:32:44', '2023-02-14 09:32:44'),
(236, 'Tanvir Jaber', 'tanvirjaber06@gmail.com', 1, 'admin', NULL, '2023-02-14 10:10:16', '2023-02-14 10:10:16');

-- --------------------------------------------------------

--
-- Table structure for table `employee_attendances`
--

CREATE TABLE `employee_attendances` (
  `id` int(10) UNSIGNED NOT NULL,
  `enter_date` date DEFAULT NULL,
  `enter_time` time DEFAULT NULL,
  `leave_time` time DEFAULT NULL,
  `employee_id` int(10) UNSIGNED DEFAULT NULL,
  `created_at` timestamp NULL DEFAULT NULL,
  `updated_at` timestamp NULL DEFAULT NULL,
  `status` tinyint(4) NOT NULL DEFAULT 0
) ENGINE=InnoDB DEFAULT CHARSET=utf8mb4 COLLATE=utf8mb4_unicode_ci;

--
-- Dumping data for table `employee_attendances`
--

INSERT INTO `employee_attendances` (`id`, `enter_date`, `enter_time`, `leave_time`, `employee_id`, `created_at`, `updated_at`, `status`) VALUES
(71, '2022-08-01', '10:00:00', '17:00:00', 226, NULL, NULL, 1),
(72, '2022-08-01', '10:00:00', '17:00:00', 227, NULL, NULL, 1),
(73, '2022-08-01', '10:00:00', '17:00:00', 228, NULL, NULL, 1),
(74, '2022-08-01', '10:00:00', '17:00:00', 229, NULL, NULL, 1),
(75, '2022-08-02', '10:00:00', '17:00:00', 226, NULL, NULL, 1),
(76, '2022-08-02', '10:00:00', '17:00:00', 227, NULL, NULL, 1),
(77, '2022-08-02', '10:00:00', '17:00:00', 228, NULL, NULL, 1),
(78, '2022-08-02', '10:00:00', '17:00:00', 229, NULL, NULL, 1),
(79, '2022-08-03', '10:00:00', '17:00:00', 226, NULL, NULL, 1),
(80, '2022-08-03', '10:00:00', '17:00:00', 227, NULL, NULL, 1),
(81, '2022-08-03', '10:00:00', '17:00:00', 228, NULL, NULL, 1),
(82, '2022-08-03', '10:00:00', '17:00:00', 229, NULL, NULL, 1),
(83, '2022-08-04', '10:00:00', '17:00:00', 226, NULL, NULL, 1),
(84, '2022-08-04', '10:00:00', '17:00:00', 227, NULL, NULL, 1),
(85, '2022-08-04', '10:00:00', '17:00:00', 228, NULL, NULL, 1),
(86, '2022-08-04', '10:00:00', '17:00:00', 229, NULL, NULL, 1),
(87, '2022-08-05', '10:00:00', '17:00:00', 226, NULL, NULL, 1),
(88, '2022-08-05', '10:00:00', '17:00:00', 227, NULL, NULL, 1),
(89, '2022-08-05', '10:00:00', '17:00:00', 228, NULL, NULL, 1),
(90, '2022-08-05', '10:00:00', '17:00:00', 229, NULL, NULL, 1),
(91, '2022-08-06', '10:00:00', '17:00:00', 226, NULL, NULL, 1),
(92, '2022-08-06', '10:00:00', '17:00:00', 227, NULL, NULL, 1),
(93, '2022-08-06', '10:00:00', '17:00:00', 228, NULL, NULL, 1),
(94, '2022-08-06', '10:00:00', '17:00:00', 229, NULL, NULL, 1),
(95, '2022-08-07', '10:00:00', '17:00:00', 226, NULL, NULL, 1),
(96, '2022-08-07', '10:00:00', '17:00:00', 227, NULL, NULL, 1),
(97, '2022-08-07', '10:00:00', '17:00:00', 228, NULL, NULL, 1),
(98, '2022-08-07', '10:00:00', '17:00:00', 229, NULL, NULL, 1),
(99, '2022-08-08', '10:00:00', '17:00:00', 226, NULL, NULL, 1),
(100, '2022-08-08', '10:00:00', '17:00:00', 227, NULL, NULL, 1),
(101, '2022-08-08', '10:00:00', '17:00:00', 228, NULL, NULL, 1),
(102, '2022-08-08', '10:00:00', '17:00:00', 229, NULL, NULL, 1),
(103, '2022-08-09', '10:00:00', '17:00:00', 226, NULL, NULL, 1),
(104, '2022-08-09', '10:00:00', '17:00:00', 227, NULL, NULL, 1),
(105, '2022-08-09', '10:00:00', '17:00:00', 228, NULL, NULL, 1),
(106, '2022-08-09', '10:00:00', '17:00:00', 229, NULL, NULL, 1),
(107, '2022-08-10', '10:00:00', '17:00:00', 226, NULL, NULL, 1),
(108, '2022-08-10', '10:00:00', '17:00:00', 227, NULL, NULL, 1),
(109, '2022-08-10', '10:00:00', '17:00:00', 228, NULL, NULL, 1),
(110, '2022-08-10', '10:00:00', '17:00:00', 229, NULL, NULL, 1),
(111, '2022-08-11', '10:00:00', '17:00:00', 226, NULL, NULL, 1),
(112, '2022-08-11', '10:00:00', '17:00:00', 227, NULL, NULL, 1),
(113, '2022-08-11', '10:00:00', '17:00:00', 228, NULL, NULL, 1),
(114, '2022-08-11', '10:00:00', '17:00:00', 229, NULL, NULL, 1),
(115, '2022-08-12', '10:00:00', '17:00:00', 226, NULL, NULL, 1),
(116, '2022-08-12', '10:00:00', '17:00:00', 227, NULL, NULL, 1),
(117, '2022-08-12', '10:00:00', '17:00:00', 228, NULL, NULL, 1),
(118, '2022-08-12', '10:00:00', '17:00:00', 229, NULL, NULL, 1),
(119, '2022-08-13', '10:00:00', '17:00:00', 226, NULL, NULL, 1),
(120, '2022-08-13', '10:00:00', '17:00:00', 227, NULL, NULL, 1),
(121, '2022-08-13', '10:00:00', '17:00:00', 228, NULL, NULL, 1),
(122, '2022-08-13', '10:00:00', '17:00:00', 229, NULL, NULL, 1),
(123, '2022-08-14', '10:00:00', '17:00:00', 226, NULL, NULL, 1),
(124, '2022-08-14', '10:00:00', '17:00:00', 227, NULL, NULL, 1),
(125, '2022-08-14', '10:00:00', '17:00:00', 228, NULL, NULL, 1),
(126, '2022-08-14', '10:00:00', '17:00:00', 229, NULL, NULL, 1),
(127, '2022-08-15', '10:00:00', '17:00:00', 226, NULL, NULL, 1),
(128, '2022-08-15', '10:00:00', '17:00:00', 227, NULL, NULL, 1),
(129, '2022-08-15', '10:00:00', '17:00:00', 228, NULL, NULL, 1),
(130, '2022-08-15', '10:00:00', '17:00:00', 229, NULL, NULL, 1),
(131, '2022-08-16', '10:00:00', '17:00:00', 226, NULL, NULL, 1),
(132, '2022-08-16', '10:00:00', '17:00:00', 227, NULL, NULL, 1),
(133, '2022-08-16', '10:00:00', '17:00:00', 228, NULL, NULL, 1),
(134, '2022-08-16', '10:00:00', '17:00:00', 229, NULL, NULL, 1),
(135, '2022-08-17', '10:00:00', '17:00:00', 226, NULL, NULL, 1),
(136, '2022-08-17', '10:00:00', '17:00:00', 227, NULL, NULL, 1),
(137, '2022-08-17', '10:00:00', '17:00:00', 228, NULL, NULL, 1),
(138, '2022-08-17', '10:00:00', '17:00:00', 229, NULL, NULL, 1),
(139, '2022-08-18', '10:00:00', '17:00:00', 226, NULL, NULL, 1),
(140, '2022-08-18', '10:00:00', '17:00:00', 227, NULL, NULL, 1),
(141, '2022-08-18', '10:00:00', '17:00:00', 228, NULL, NULL, 1),
(142, '2022-08-18', '10:00:00', '17:00:00', 229, NULL, NULL, 1),
(143, '2022-08-19', '10:00:00', '17:00:00', 226, NULL, NULL, 1),
(144, '2022-08-19', '10:00:00', '17:00:00', 227, NULL, NULL, 1),
(145, '2022-08-19', '10:00:00', '17:00:00', 228, NULL, NULL, 1),
(146, '2022-08-19', '10:00:00', '17:00:00', 229, NULL, NULL, 1),
(147, '2022-08-20', '10:00:00', '17:00:00', 226, NULL, NULL, 1),
(148, '2022-08-20', '10:00:00', '17:00:00', 227, NULL, NULL, 1),
(149, '2022-08-20', '10:00:00', '17:00:00', 228, NULL, NULL, 1),
(150, '2022-08-20', '10:00:00', '17:00:00', 229, NULL, NULL, 1),
(151, '2022-08-21', '10:00:00', '17:00:00', 226, NULL, NULL, 1),
(152, '2022-08-21', '10:00:00', '17:00:00', 227, NULL, NULL, 1),
(153, '2022-08-21', '10:00:00', '17:00:00', 228, NULL, NULL, 1),
(154, '2022-08-21', '10:00:00', '17:00:00', 229, NULL, NULL, 1),
(155, '2022-08-22', '10:00:00', '17:00:00', 226, NULL, NULL, 1),
(156, '2022-08-22', '10:00:00', '17:00:00', 227, NULL, NULL, 1),
(157, '2022-08-22', '10:00:00', '17:00:00', 228, NULL, NULL, 1),
(158, '2022-08-22', '10:00:00', '17:00:00', 229, NULL, NULL, 1),
(159, '2022-08-23', '10:00:00', '17:00:00', 226, NULL, NULL, 1),
(160, '2022-08-23', '10:00:00', '17:00:00', 227, NULL, NULL, 1),
(161, '2022-08-23', '10:00:00', '17:00:00', 228, NULL, NULL, 1),
(162, '2022-08-23', '10:00:00', '17:00:00', 229, NULL, NULL, 1),
(163, '2022-08-24', '10:00:00', '17:00:00', 226, NULL, NULL, 1),
(164, '2022-08-24', '10:00:00', '17:00:00', 227, NULL, NULL, 1),
(165, '2022-08-24', '10:00:00', '17:00:00', 228, NULL, NULL, 1),
(166, '2022-08-24', '10:00:00', '17:00:00', 229, NULL, NULL, 1),
(167, '2022-08-25', '10:00:00', '17:00:00', 226, NULL, NULL, 1),
(168, '2022-08-25', '10:00:00', '17:00:00', 227, NULL, NULL, 1),
(169, '2022-08-25', '10:00:00', '17:00:00', 228, NULL, NULL, 1),
(170, '2022-08-25', '10:00:00', '17:00:00', 229, NULL, NULL, 1),
(171, '2022-08-26', '10:00:00', '17:00:00', 226, NULL, NULL, 1),
(172, '2022-08-26', '10:00:00', '17:00:00', 227, NULL, NULL, 1),
(173, '2022-08-26', '10:00:00', '17:00:00', 228, NULL, NULL, 1),
(174, '2022-08-26', '10:00:00', '17:00:00', 229, NULL, NULL, 1),
(175, '2022-08-27', '10:00:00', '17:00:00', 226, NULL, NULL, 1),
(176, '2022-08-27', '10:00:00', '17:00:00', 227, NULL, NULL, 1),
(177, '2022-08-27', '10:00:00', '17:00:00', 228, NULL, NULL, 1),
(178, '2022-08-27', '10:00:00', '17:00:00', 229, NULL, NULL, 1),
(179, '2022-08-28', '10:00:00', '17:00:00', 226, NULL, NULL, 1),
(180, '2022-08-28', '10:00:00', '17:00:00', 227, NULL, NULL, 1),
(181, '2022-08-28', '10:00:00', '17:00:00', 228, NULL, NULL, 1),
(182, '2022-08-28', '10:00:00', '17:00:00', 229, NULL, NULL, 1),
(183, '2022-08-29', '10:00:00', '17:00:00', 226, NULL, NULL, 1),
(184, '2022-08-29', '10:00:00', '17:00:00', 227, NULL, NULL, 1),
(185, '2022-08-29', '10:00:00', '17:00:00', 228, NULL, NULL, 1),
(186, '2022-08-29', '10:00:00', '17:00:00', 229, NULL, NULL, 1),
(187, '2022-08-30', '10:00:00', '17:00:00', 226, NULL, NULL, 1),
(188, '2022-08-30', '10:00:00', '17:00:00', 227, NULL, NULL, 1),
(189, '2022-08-30', '10:00:00', '17:00:00', 228, NULL, NULL, 1),
(190, '2022-08-30', '10:00:00', '17:00:00', 229, NULL, NULL, 1),
(191, '2022-08-31', '10:00:00', '17:00:00', 226, NULL, NULL, 1),
(192, '2022-08-31', '10:00:00', '17:00:00', 227, NULL, NULL, 1),
(193, '2022-08-31', '10:00:00', '17:00:00', 228, NULL, NULL, 1),
(194, '2022-08-31', '10:00:00', '17:00:00', 229, NULL, NULL, 1),
(195, '2022-09-01', '10:00:00', '17:00:00', 226, NULL, NULL, 1),
(196, '2022-09-01', '10:00:00', '17:00:00', 227, NULL, NULL, 1),
(197, '2022-09-01', '10:00:00', '17:00:00', 228, NULL, NULL, 1),
(198, '2022-09-01', '10:00:00', '17:00:00', 229, NULL, NULL, 1),
(199, '2022-09-02', '10:00:00', '17:00:00', 226, NULL, NULL, 1),
(200, '2022-09-02', '10:00:00', '17:00:00', 227, NULL, NULL, 1),
(201, '2022-09-02', '10:00:00', '17:00:00', 228, NULL, NULL, 1),
(202, '2022-09-02', '10:00:00', '17:00:00', 229, NULL, NULL, 1),
(203, '2022-09-03', '10:00:00', '17:00:00', 226, NULL, NULL, 1),
(204, '2022-09-03', '10:00:00', '17:00:00', 227, NULL, NULL, 1),
(205, '2022-09-03', '10:00:00', '17:00:00', 228, NULL, NULL, 1),
(206, '2022-09-03', '10:00:00', '17:00:00', 229, NULL, NULL, 1),
(207, '2022-09-04', '10:00:00', '17:00:00', 226, NULL, NULL, 1),
(208, '2022-09-04', '10:00:00', '17:00:00', 227, NULL, NULL, 1),
(209, '2022-09-04', '10:00:00', '17:00:00', 228, NULL, NULL, 1),
(210, '2022-09-04', '10:00:00', '17:00:00', 229, NULL, NULL, 1),
(211, '2022-09-05', '10:00:00', '17:00:00', 226, NULL, NULL, 1),
(212, '2022-09-05', '10:00:00', '17:00:00', 227, NULL, NULL, 1),
(213, '2022-09-05', '10:00:00', '17:00:00', 228, NULL, NULL, 1),
(214, '2022-09-05', '10:00:00', '17:00:00', 229, NULL, NULL, 1),
(215, '2022-09-06', '10:00:00', '17:00:00', 226, NULL, NULL, 1),
(216, '2022-09-06', '10:00:00', '17:00:00', 227, NULL, NULL, 1),
(217, '2022-09-06', '10:00:00', '17:00:00', 228, NULL, NULL, 1),
(218, '2022-09-06', '10:00:00', '17:00:00', 229, NULL, NULL, 1),
(219, '2022-09-07', '10:00:00', '17:00:00', 226, NULL, NULL, 1),
(220, '2022-09-07', '10:00:00', '17:00:00', 227, NULL, NULL, 1),
(221, '2022-09-07', '10:00:00', '17:00:00', 228, NULL, NULL, 1),
(222, '2022-09-07', '10:00:00', '17:00:00', 229, NULL, NULL, 1),
(223, '2022-09-08', '10:00:00', '17:00:00', 226, NULL, NULL, 1),
(224, '2022-09-08', '10:00:00', '17:00:00', 227, NULL, NULL, 1),
(225, '2022-09-08', '10:00:00', '17:00:00', 228, NULL, NULL, 1),
(226, '2022-09-08', '10:00:00', '17:00:00', 229, NULL, NULL, 1),
(227, '2022-09-09', '10:00:00', '17:00:00', 226, NULL, NULL, 1),
(228, '2022-09-09', '10:00:00', '17:00:00', 227, NULL, NULL, 1),
(229, '2022-09-09', '10:00:00', '17:00:00', 228, NULL, NULL, 1),
(230, '2022-09-09', '10:00:00', '17:00:00', 229, NULL, NULL, 1),
(231, '2022-09-10', '10:00:00', '17:00:00', 226, NULL, NULL, 1),
(232, '2022-09-10', '10:00:00', '17:00:00', 227, NULL, NULL, 1),
(233, '2022-09-10', '10:00:00', '17:00:00', 228, NULL, NULL, 1),
(234, '2022-09-10', '10:00:00', '17:00:00', 229, NULL, NULL, 1),
(235, '2022-09-11', '10:00:00', '17:00:00', 226, NULL, NULL, 1),
(236, '2022-09-11', '10:00:00', '17:00:00', 227, NULL, NULL, 1),
(237, '2022-09-11', '10:00:00', '17:00:00', 228, NULL, NULL, 1),
(238, '2022-09-11', '10:00:00', '17:00:00', 229, NULL, NULL, 1),
(239, '2022-09-12', '10:00:00', '17:00:00', 226, NULL, NULL, 1),
(240, '2022-09-12', '10:00:00', '17:00:00', 227, NULL, NULL, 1),
(241, '2022-09-12', '10:00:00', '17:00:00', 228, NULL, NULL, 1),
(242, '2022-09-12', '10:00:00', '17:00:00', 229, NULL, NULL, 1),
(243, '2022-09-13', '10:00:00', '17:00:00', 226, NULL, NULL, 1),
(244, '2022-09-13', '10:00:00', '17:00:00', 227, NULL, NULL, 1),
(245, '2022-09-13', '10:00:00', '17:00:00', 228, NULL, NULL, 1),
(246, '2022-09-13', '10:00:00', '17:00:00', 229, NULL, NULL, 1),
(247, '2022-09-14', '10:00:00', '17:00:00', 226, NULL, NULL, 1),
(248, '2022-09-14', '10:00:00', '17:00:00', 227, NULL, NULL, 1),
(249, '2022-09-14', '10:00:00', '17:00:00', 228, NULL, NULL, 1),
(250, '2022-09-14', '10:00:00', '17:00:00', 229, NULL, NULL, 1),
(251, '2022-09-15', '10:00:00', '17:00:00', 226, NULL, NULL, 1),
(252, '2022-09-15', '10:00:00', '17:00:00', 227, NULL, NULL, 1),
(253, '2022-09-15', '10:00:00', '17:00:00', 228, NULL, NULL, 1),
(254, '2022-09-15', '10:00:00', '17:00:00', 229, NULL, NULL, 1),
(255, '2022-09-16', '10:00:00', '17:00:00', 226, NULL, NULL, 1),
(256, '2022-09-16', '10:00:00', '17:00:00', 227, NULL, NULL, 1),
(257, '2022-09-16', '10:00:00', '17:00:00', 228, NULL, NULL, 1),
(258, '2022-09-16', '10:00:00', '17:00:00', 229, NULL, NULL, 1),
(259, '2022-09-17', '10:00:00', '17:00:00', 226, NULL, NULL, 1),
(260, '2022-09-17', '10:00:00', '17:00:00', 227, NULL, NULL, 1),
(261, '2022-09-17', '10:00:00', '17:00:00', 228, NULL, NULL, 1),
(262, '2022-09-17', '10:00:00', '17:00:00', 229, NULL, NULL, 1),
(263, '2022-09-18', '10:00:00', '17:00:00', 226, NULL, NULL, 1),
(264, '2022-09-18', '10:00:00', '17:00:00', 227, NULL, NULL, 1),
(265, '2022-09-18', '10:00:00', '17:00:00', 228, NULL, NULL, 1),
(266, '2022-09-18', '10:00:00', '17:00:00', 229, NULL, NULL, 1),
(267, '2022-09-19', '10:00:00', '17:00:00', 226, NULL, NULL, 1),
(268, '2022-09-19', '10:00:00', '17:00:00', 227, NULL, NULL, 1),
(269, '2022-09-19', '10:00:00', '17:00:00', 228, NULL, NULL, 1),
(270, '2022-09-19', '10:00:00', '17:00:00', 229, NULL, NULL, 1),
(271, '2022-09-20', '10:00:00', '17:00:00', 226, NULL, NULL, 1),
(272, '2022-09-20', '10:00:00', '17:00:00', 227, NULL, NULL, 1),
(273, '2022-09-20', '10:00:00', '17:00:00', 228, NULL, NULL, 1),
(274, '2022-09-20', '10:00:00', '17:00:00', 229, NULL, NULL, 1),
(275, '2022-09-21', '10:00:00', '17:00:00', 226, NULL, NULL, 1),
(276, '2022-09-21', '10:00:00', '17:00:00', 227, NULL, NULL, 1),
(277, '2022-09-21', '10:00:00', '17:00:00', 228, NULL, NULL, 1),
(278, '2022-09-21', '10:00:00', '17:00:00', 229, NULL, NULL, 1),
(279, '2022-09-22', '10:00:00', '17:00:00', 226, NULL, NULL, 1),
(280, '2022-09-22', '10:00:00', '17:00:00', 227, NULL, NULL, 1),
(281, '2022-09-22', '10:00:00', '17:00:00', 228, NULL, NULL, 1),
(282, '2022-09-22', '10:00:00', '17:00:00', 229, NULL, NULL, 1),
(283, '2022-09-23', '10:00:00', '17:00:00', 226, NULL, NULL, 1),
(284, '2022-09-23', '10:00:00', '17:00:00', 227, NULL, NULL, 1),
(285, '2022-09-23', '10:00:00', '17:00:00', 228, NULL, NULL, 1),
(286, '2022-09-23', '10:00:00', '17:00:00', 229, NULL, NULL, 1),
(287, '2022-09-24', '10:00:00', '17:00:00', 226, NULL, NULL, 1),
(288, '2022-09-24', '10:00:00', '17:00:00', 227, NULL, NULL, 1),
(289, '2022-09-24', '10:00:00', '17:00:00', 228, NULL, NULL, 1),
(290, '2022-09-24', '10:00:00', '17:00:00', 229, NULL, NULL, 1),
(291, '2022-09-25', '10:00:00', '17:00:00', 226, NULL, NULL, 1),
(292, '2022-09-25', '10:00:00', '17:00:00', 227, NULL, NULL, 1),
(293, '2022-09-25', '10:00:00', '17:00:00', 228, NULL, NULL, 1),
(294, '2022-09-25', '10:00:00', '17:00:00', 229, NULL, NULL, 1),
(295, '2022-09-26', '10:00:00', '17:00:00', 226, NULL, NULL, 1),
(296, '2022-09-26', '10:00:00', '17:00:00', 227, NULL, NULL, 1),
(297, '2022-09-26', '10:00:00', '17:00:00', 228, NULL, NULL, 1),
(298, '2022-09-26', '10:00:00', '17:00:00', 229, NULL, NULL, 1),
(299, '2022-09-27', '10:00:00', '17:00:00', 226, NULL, NULL, 1),
(300, '2022-09-27', '10:00:00', '17:00:00', 227, NULL, NULL, 1),
(301, '2022-09-27', '10:00:00', '17:00:00', 228, NULL, NULL, 1),
(302, '2022-09-27', '10:00:00', '17:00:00', 229, NULL, NULL, 1),
(303, '2022-09-28', '10:00:00', '17:00:00', 226, NULL, NULL, 1),
(304, '2022-09-28', '10:00:00', '17:00:00', 227, NULL, NULL, 1),
(305, '2022-09-28', '10:00:00', '17:00:00', 228, NULL, NULL, 1),
(306, '2022-09-28', '10:00:00', '17:00:00', 229, NULL, NULL, 1),
(307, '2022-09-29', '10:00:00', '17:00:00', 226, NULL, NULL, 1),
(308, '2022-09-29', '10:00:00', '17:00:00', 227, NULL, NULL, 1),
(309, '2022-09-29', '10:00:00', '17:00:00', 228, NULL, NULL, 1),
(310, '2022-09-29', '10:00:00', '17:00:00', 229, NULL, NULL, 1),
(311, '2022-09-30', '10:00:00', '17:00:00', 226, NULL, NULL, 1),
(312, '2022-09-30', '10:00:00', '17:00:00', 227, NULL, NULL, 1),
(313, '2022-09-30', '10:00:00', '17:00:00', 228, NULL, NULL, 1),
(314, '2022-09-30', '10:00:00', '17:00:00', 229, NULL, NULL, 1),
(315, '2022-10-01', '10:00:00', '17:00:00', 226, NULL, NULL, 1),
(316, '2022-10-01', '10:00:00', '17:00:00', 227, NULL, NULL, 1),
(317, '2022-10-01', '10:00:00', '17:00:00', 228, NULL, NULL, 1),
(318, '2022-10-01', '10:00:00', '17:00:00', 229, NULL, NULL, 1),
(319, '2022-10-02', '10:00:00', '17:00:00', 226, NULL, NULL, 1),
(320, '2022-10-02', '10:00:00', '17:00:00', 227, NULL, NULL, 1),
(321, '2022-10-02', '10:00:00', '17:00:00', 228, NULL, NULL, 1),
(322, '2022-10-02', '10:00:00', '17:00:00', 229, NULL, NULL, 1),
(323, '2022-10-03', '10:00:00', '17:00:00', 226, NULL, NULL, 1),
(324, '2022-10-03', '10:00:00', '17:00:00', 227, NULL, NULL, 1),
(325, '2022-10-03', '10:00:00', '17:00:00', 228, NULL, NULL, 1),
(326, '2022-10-03', '10:00:00', '17:00:00', 229, NULL, NULL, 1),
(327, '2022-10-04', '10:00:00', '17:00:00', 226, NULL, NULL, 1),
(328, '2022-10-04', '10:00:00', '17:00:00', 227, NULL, NULL, 1),
(329, '2022-10-04', '10:00:00', '17:00:00', 228, NULL, NULL, 1),
(330, '2022-10-04', '10:00:00', '17:00:00', 229, NULL, NULL, 1),
(331, '2022-10-05', '10:00:00', '17:00:00', 226, NULL, NULL, 1),
(332, '2022-10-05', '10:00:00', '17:00:00', 227, NULL, NULL, 1),
(333, '2022-10-05', '10:00:00', '17:00:00', 228, NULL, NULL, 1),
(334, '2022-10-05', '10:00:00', '17:00:00', 229, NULL, NULL, 1),
(335, '2022-10-06', '10:00:00', '17:00:00', 226, NULL, NULL, 1),
(336, '2022-10-06', '10:00:00', '17:00:00', 227, NULL, NULL, 1),
(337, '2022-10-06', '10:00:00', '17:00:00', 228, NULL, NULL, 1),
(338, '2022-10-06', '10:00:00', '17:00:00', 229, NULL, NULL, 1),
(339, '2022-10-07', '10:00:00', '17:00:00', 226, NULL, NULL, 1),
(340, '2022-10-07', '10:00:00', '17:00:00', 227, NULL, NULL, 1),
(341, '2022-10-07', '10:00:00', '17:00:00', 228, NULL, NULL, 1),
(342, '2022-10-07', '10:00:00', '17:00:00', 229, NULL, NULL, 1),
(343, '2022-10-08', '10:00:00', '17:00:00', 226, NULL, NULL, 1),
(344, '2022-10-08', '10:00:00', '17:00:00', 227, NULL, NULL, 1),
(345, '2022-10-08', '10:00:00', '17:00:00', 228, NULL, NULL, 1),
(346, '2022-10-08', '10:00:00', '17:00:00', 229, NULL, NULL, 1),
(347, '2022-10-09', '10:00:00', '17:00:00', 226, NULL, NULL, 1),
(348, '2022-10-09', '10:00:00', '17:00:00', 227, NULL, NULL, 1),
(349, '2022-10-09', '10:00:00', '17:00:00', 228, NULL, NULL, 1),
(350, '2022-10-09', '10:00:00', '17:00:00', 229, NULL, NULL, 1),
(351, '2022-10-10', '10:00:00', '17:00:00', 226, NULL, NULL, 1),
(352, '2022-10-10', '10:00:00', '17:00:00', 227, NULL, NULL, 1),
(353, '2022-10-10', '10:00:00', '17:00:00', 228, NULL, NULL, 1),
(354, '2022-10-10', '10:00:00', '17:00:00', 229, NULL, NULL, 1),
(355, '2022-10-11', '10:00:00', '17:00:00', 226, NULL, NULL, 1),
(356, '2022-10-11', '10:00:00', '17:00:00', 227, NULL, NULL, 1),
(357, '2022-10-11', '10:00:00', '17:00:00', 228, NULL, NULL, 1),
(358, '2022-10-11', '10:00:00', '17:00:00', 229, NULL, NULL, 1),
(359, '2022-10-12', '10:00:00', '17:00:00', 226, NULL, NULL, 1),
(360, '2022-10-12', '10:00:00', '17:00:00', 227, NULL, NULL, 1),
(361, '2022-10-12', '10:00:00', '17:00:00', 228, NULL, NULL, 1),
(362, '2022-10-12', '10:00:00', '17:00:00', 229, NULL, NULL, 1),
(363, '2022-10-13', '10:00:00', '17:00:00', 226, NULL, NULL, 1),
(364, '2022-10-13', '10:00:00', '17:00:00', 227, NULL, NULL, 1),
(365, '2022-10-13', '10:00:00', '17:00:00', 228, NULL, NULL, 1),
(366, '2022-10-13', '10:00:00', '17:00:00', 229, NULL, NULL, 1),
(367, '2022-10-14', '10:00:00', '17:00:00', 226, NULL, NULL, 1),
(368, '2022-10-14', '10:00:00', '17:00:00', 227, NULL, NULL, 1),
(369, '2022-10-14', '10:00:00', '17:00:00', 228, NULL, NULL, 1),
(370, '2022-10-14', '10:00:00', '17:00:00', 229, NULL, NULL, 1),
(371, '2022-10-15', '10:00:00', '17:00:00', 226, NULL, NULL, 1),
(372, '2022-10-15', '10:00:00', '17:00:00', 227, NULL, NULL, 1),
(373, '2022-10-15', '10:00:00', '17:00:00', 228, NULL, NULL, 1),
(374, '2022-10-15', '10:00:00', '17:00:00', 229, NULL, NULL, 1),
(375, '2022-10-16', '10:00:00', '17:00:00', 226, NULL, NULL, 1),
(376, '2022-10-16', '10:00:00', '17:00:00', 227, NULL, NULL, 1),
(377, '2022-10-16', '10:00:00', '17:00:00', 228, NULL, NULL, 1),
(378, '2022-10-16', '10:00:00', '17:00:00', 229, NULL, NULL, 1),
(379, '2022-10-17', '10:00:00', '17:00:00', 226, NULL, NULL, 1),
(380, '2022-10-17', '10:00:00', '17:00:00', 227, NULL, NULL, 1),
(381, '2022-10-17', '10:00:00', '17:00:00', 228, NULL, NULL, 1),
(382, '2022-10-17', '10:00:00', '17:00:00', 229, NULL, NULL, 1),
(383, '2022-10-18', '10:00:00', '17:00:00', 226, NULL, NULL, 1),
(384, '2022-10-18', '10:00:00', '17:00:00', 227, NULL, NULL, 1),
(385, '2022-10-18', '10:00:00', '17:00:00', 228, NULL, NULL, 1),
(386, '2022-10-18', '10:00:00', '17:00:00', 229, NULL, NULL, 1),
(387, '2022-10-19', '10:00:00', '17:00:00', 226, NULL, NULL, 1),
(388, '2022-10-19', '10:00:00', '17:00:00', 227, NULL, NULL, 1),
(389, '2022-10-19', '10:00:00', '17:00:00', 228, NULL, NULL, 1),
(390, '2022-10-19', '10:00:00', '17:00:00', 229, NULL, NULL, 1),
(391, '2022-10-20', '10:00:00', '17:00:00', 226, NULL, NULL, 1),
(392, '2022-10-20', '10:00:00', '17:00:00', 227, NULL, NULL, 1),
(393, '2022-10-20', '10:00:00', '17:00:00', 228, NULL, NULL, 1),
(394, '2022-10-20', '10:00:00', '17:00:00', 229, NULL, NULL, 1),
(395, '2022-10-21', '10:00:00', '17:00:00', 226, NULL, NULL, 1),
(396, '2022-10-21', '10:00:00', '17:00:00', 227, NULL, NULL, 1),
(397, '2022-10-21', '10:00:00', '17:00:00', 228, NULL, NULL, 1),
(398, '2022-10-21', '10:00:00', '17:00:00', 229, NULL, NULL, 1),
(399, '2022-10-22', '10:00:00', '17:00:00', 226, NULL, NULL, 1),
(400, '2022-10-22', '10:00:00', '17:00:00', 227, NULL, NULL, 1),
(401, '2022-10-22', '10:00:00', '17:00:00', 228, NULL, NULL, 1),
(402, '2022-10-22', '10:00:00', '17:00:00', 229, NULL, NULL, 1),
(403, '2022-10-23', '10:00:00', '17:00:00', 226, NULL, NULL, 1),
(404, '2022-10-23', '10:00:00', '17:00:00', 227, NULL, NULL, 1),
(405, '2022-10-23', '10:00:00', '17:00:00', 228, NULL, NULL, 1),
(406, '2022-10-23', '10:00:00', '17:00:00', 229, NULL, NULL, 1),
(407, '2022-10-24', '10:00:00', '17:00:00', 226, NULL, NULL, 1),
(408, '2022-10-24', '10:00:00', '17:00:00', 227, NULL, NULL, 1),
(409, '2022-10-24', '10:00:00', '17:00:00', 228, NULL, NULL, 1),
(410, '2022-10-24', '10:00:00', '17:00:00', 229, NULL, NULL, 1),
(411, '2022-10-25', '10:00:00', '17:00:00', 226, NULL, NULL, 1),
(412, '2022-10-25', '10:00:00', '17:00:00', 227, NULL, NULL, 1),
(413, '2022-10-25', '10:00:00', '17:00:00', 228, NULL, NULL, 1),
(414, '2022-10-25', '10:00:00', '17:00:00', 229, NULL, NULL, 1),
(415, '2022-10-26', '10:00:00', '17:00:00', 226, NULL, NULL, 1),
(416, '2022-10-26', '10:00:00', '17:00:00', 227, NULL, NULL, 1),
(417, '2022-10-26', '10:00:00', '17:00:00', 228, NULL, NULL, 1),
(418, '2022-10-26', '10:00:00', '17:00:00', 229, NULL, NULL, 1),
(419, '2022-10-27', '10:00:00', '17:00:00', 226, NULL, NULL, 1),
(420, '2022-10-27', '10:00:00', '17:00:00', 227, NULL, NULL, 1),
(421, '2022-10-27', '10:00:00', '17:00:00', 228, NULL, NULL, 1),
(422, '2022-10-27', '10:00:00', '17:00:00', 229, NULL, NULL, 1),
(423, '2022-10-28', '10:00:00', '17:00:00', 226, NULL, NULL, 1),
(424, '2022-10-28', '10:00:00', '17:00:00', 227, NULL, NULL, 1),
(425, '2022-10-28', '10:00:00', '17:00:00', 228, NULL, NULL, 1),
(426, '2022-10-28', '10:00:00', '17:00:00', 229, NULL, NULL, 1),
(427, '2022-10-29', '10:00:00', '17:00:00', 226, NULL, NULL, 1),
(428, '2022-10-29', '10:00:00', '17:00:00', 227, NULL, NULL, 1),
(429, '2022-10-29', '10:00:00', '17:00:00', 228, NULL, NULL, 1),
(430, '2022-10-29', '10:00:00', '17:00:00', 229, NULL, NULL, 1),
(431, '2022-10-30', '10:00:00', '17:00:00', 226, NULL, NULL, 1),
(432, '2022-10-30', '10:00:00', '17:00:00', 227, NULL, NULL, 1),
(433, '2022-10-30', '10:00:00', '17:00:00', 228, NULL, NULL, 1),
(434, '2022-10-30', '10:00:00', '17:00:00', 229, NULL, NULL, 1),
(435, '2022-10-31', '10:00:00', '17:00:00', 226, NULL, NULL, 1),
(436, '2022-10-31', '10:00:00', '17:00:00', 227, NULL, NULL, 1),
(437, '2022-10-31', '10:00:00', '17:00:00', 228, NULL, NULL, 1),
(438, '2022-10-31', '10:00:00', '17:00:00', 229, NULL, NULL, 1),
(439, '2022-11-01', '10:00:00', '17:00:00', 226, NULL, NULL, 1),
(440, '2022-11-01', '10:00:00', '17:00:00', 227, NULL, NULL, 1),
(441, '2022-11-01', '10:00:00', '17:00:00', 228, NULL, NULL, 1),
(442, '2022-11-01', '10:00:00', '17:00:00', 229, NULL, NULL, 1),
(443, '2022-11-02', '10:00:00', '17:00:00', 226, NULL, NULL, 1),
(444, '2022-11-02', '10:00:00', '17:00:00', 227, NULL, NULL, 1),
(445, '2022-11-02', '10:00:00', '17:00:00', 228, NULL, NULL, 1),
(446, '2022-11-02', '10:00:00', '17:00:00', 229, NULL, NULL, 1),
(447, '2022-11-03', '10:00:00', '17:00:00', 226, NULL, NULL, 1),
(448, '2022-11-03', '10:00:00', '17:00:00', 227, NULL, NULL, 1),
(449, '2022-11-03', '10:00:00', '17:00:00', 228, NULL, NULL, 1),
(450, '2022-11-03', '10:00:00', '17:00:00', 229, NULL, NULL, 1),
(451, '2022-11-04', '10:00:00', '17:00:00', 226, NULL, NULL, 1),
(452, '2022-11-04', '10:00:00', '17:00:00', 227, NULL, NULL, 1),
(453, '2022-11-04', '10:00:00', '17:00:00', 228, NULL, NULL, 1),
(454, '2022-11-04', '10:00:00', '17:00:00', 229, NULL, NULL, 1),
(455, '2022-11-05', '10:00:00', '17:00:00', 226, NULL, NULL, 1),
(456, '2022-11-05', '10:00:00', '17:00:00', 227, NULL, NULL, 1),
(457, '2022-11-05', '10:00:00', '17:00:00', 228, NULL, NULL, 1),
(458, '2022-11-05', '10:00:00', '17:00:00', 229, NULL, NULL, 1),
(459, '2022-11-06', '10:00:00', '17:00:00', 226, NULL, NULL, 1),
(460, '2022-11-06', '10:00:00', '17:00:00', 227, NULL, NULL, 1),
(461, '2022-11-06', '10:00:00', '17:00:00', 228, NULL, NULL, 1),
(462, '2022-11-06', '10:00:00', '17:00:00', 229, NULL, NULL, 1),
(463, '2022-11-07', '10:00:00', '17:00:00', 226, NULL, NULL, 1),
(464, '2022-11-07', '10:00:00', '17:00:00', 227, NULL, NULL, 1),
(465, '2022-11-07', '10:00:00', '17:00:00', 228, NULL, NULL, 1),
(466, '2022-11-07', '10:00:00', '17:00:00', 229, NULL, NULL, 1),
(467, '2022-11-08', '10:00:00', '17:00:00', 226, NULL, NULL, 1),
(468, '2022-11-08', '10:00:00', '17:00:00', 227, NULL, NULL, 1),
(469, '2022-11-08', '10:00:00', '17:00:00', 228, NULL, NULL, 1),
(470, '2022-11-08', '10:00:00', '17:00:00', 229, NULL, NULL, 1),
(471, '2022-11-09', '10:00:00', '17:00:00', 226, NULL, NULL, 1),
(472, '2022-11-09', '10:00:00', '17:00:00', 227, NULL, NULL, 1),
(473, '2022-11-09', '10:00:00', '17:00:00', 228, NULL, NULL, 1),
(474, '2022-11-09', '10:00:00', '17:00:00', 229, NULL, NULL, 1),
(475, '2022-11-10', '10:00:00', '17:00:00', 226, NULL, NULL, 1),
(476, '2022-11-10', '10:00:00', '17:00:00', 227, NULL, NULL, 1),
(477, '2022-11-10', '10:00:00', '17:00:00', 228, NULL, NULL, 1),
(478, '2022-11-10', '10:00:00', '17:00:00', 229, NULL, NULL, 1),
(479, '2022-11-11', '10:00:00', '17:00:00', 226, NULL, NULL, 1),
(480, '2022-11-11', '10:00:00', '17:00:00', 227, NULL, NULL, 1),
(481, '2022-11-11', '10:00:00', '17:00:00', 228, NULL, NULL, 1),
(482, '2022-11-11', '10:00:00', '17:00:00', 229, NULL, NULL, 1),
(483, '2022-11-12', '10:00:00', '17:00:00', 226, NULL, NULL, 1),
(484, '2022-11-12', '10:00:00', '17:00:00', 227, NULL, NULL, 1),
(485, '2022-11-12', '10:00:00', '17:00:00', 228, NULL, NULL, 1),
(486, '2022-11-12', '10:00:00', '17:00:00', 229, NULL, NULL, 1),
(487, '2022-11-13', '10:00:00', '17:00:00', 226, NULL, NULL, 1),
(488, '2022-11-13', '10:00:00', '17:00:00', 227, NULL, NULL, 1),
(489, '2022-11-13', '10:00:00', '17:00:00', 228, NULL, NULL, 1),
(490, '2022-11-13', '10:00:00', '17:00:00', 229, NULL, NULL, 1),
(491, '2022-11-14', '10:00:00', '17:00:00', 226, NULL, NULL, 1),
(492, '2022-11-14', '10:00:00', '17:00:00', 227, NULL, NULL, 1),
(493, '2022-11-14', '10:00:00', '17:00:00', 228, NULL, NULL, 1),
(494, '2022-11-14', '10:00:00', '17:00:00', 229, NULL, NULL, 1),
(495, '2022-11-15', '10:00:00', '17:00:00', 226, NULL, NULL, 1),
(496, '2022-11-15', '10:00:00', '17:00:00', 227, NULL, NULL, 1),
(497, '2022-11-15', '10:00:00', '17:00:00', 228, NULL, NULL, 1),
(498, '2022-11-15', '10:00:00', '17:00:00', 229, NULL, NULL, 1),
(499, '2022-11-16', '10:00:00', '17:00:00', 226, NULL, NULL, 1),
(500, '2022-11-16', '10:00:00', '17:00:00', 227, NULL, NULL, 1),
(501, '2022-11-16', '10:00:00', '17:00:00', 228, NULL, NULL, 1),
(502, '2022-11-16', '10:00:00', '17:00:00', 229, NULL, NULL, 1),
(503, '2022-11-17', '10:00:00', '17:00:00', 226, NULL, NULL, 1),
(504, '2022-11-17', '10:00:00', '17:00:00', 227, NULL, NULL, 1),
(505, '2022-11-17', '10:00:00', '17:00:00', 228, NULL, NULL, 1),
(506, '2022-11-17', '10:00:00', '17:00:00', 229, NULL, NULL, 1),
(507, '2022-11-18', '10:00:00', '17:00:00', 226, NULL, NULL, 1),
(508, '2022-11-18', '10:00:00', '17:00:00', 227, NULL, NULL, 1),
(509, '2022-11-18', '10:00:00', '17:00:00', 228, NULL, NULL, 1),
(510, '2022-11-18', '10:00:00', '17:00:00', 229, NULL, NULL, 1),
(511, '2022-11-19', '10:00:00', '17:00:00', 226, NULL, NULL, 1),
(512, '2022-11-19', '10:00:00', '17:00:00', 227, NULL, NULL, 1),
(513, '2022-11-19', '10:00:00', '17:00:00', 228, NULL, NULL, 1),
(514, '2022-11-19', '10:00:00', '17:00:00', 229, NULL, NULL, 1),
(515, '2022-11-20', '10:00:00', '17:00:00', 226, NULL, NULL, 1),
(516, '2022-11-20', '10:00:00', '17:00:00', 227, NULL, NULL, 1),
(517, '2022-11-20', '10:00:00', '17:00:00', 228, NULL, NULL, 1),
(518, '2022-11-20', '10:00:00', '17:00:00', 229, NULL, NULL, 1),
(519, '2022-11-21', '10:00:00', '17:00:00', 226, NULL, NULL, 1),
(520, '2022-11-21', '10:00:00', '17:00:00', 227, NULL, NULL, 1),
(521, '2022-11-21', '10:00:00', '17:00:00', 228, NULL, NULL, 1),
(522, '2022-11-21', '10:00:00', '17:00:00', 229, NULL, NULL, 1),
(523, '2022-11-22', '10:00:00', '17:00:00', 226, NULL, NULL, 1),
(524, '2022-11-22', '10:00:00', '17:00:00', 227, NULL, NULL, 1),
(525, '2022-11-22', '10:00:00', '17:00:00', 228, NULL, NULL, 1),
(526, '2022-11-22', '10:00:00', '17:00:00', 229, NULL, NULL, 1),
(527, '2022-11-23', '10:00:00', '17:00:00', 226, NULL, NULL, 1),
(528, '2022-11-23', '10:00:00', '17:00:00', 227, NULL, NULL, 1),
(529, '2022-11-23', '10:00:00', '17:00:00', 228, NULL, NULL, 1),
(530, '2022-11-23', '10:00:00', '17:00:00', 229, NULL, NULL, 1),
(531, '2022-11-24', '10:00:00', '17:00:00', 226, NULL, NULL, 1),
(532, '2022-11-24', '10:00:00', '17:00:00', 227, NULL, NULL, 1),
(533, '2022-11-24', '10:00:00', '17:00:00', 228, NULL, NULL, 1),
(534, '2022-11-24', '10:00:00', '17:00:00', 229, NULL, NULL, 1),
(535, '2022-11-25', '10:00:00', '17:00:00', 226, NULL, NULL, 1),
(536, '2022-11-25', '10:00:00', '17:00:00', 227, NULL, NULL, 1),
(537, '2022-11-25', '10:00:00', '17:00:00', 228, NULL, NULL, 1),
(538, '2022-11-25', '10:00:00', '17:00:00', 229, NULL, NULL, 1),
(539, '2022-11-26', '10:00:00', '17:00:00', 226, NULL, NULL, 1),
(540, '2022-11-26', '10:00:00', '17:00:00', 227, NULL, NULL, 1),
(541, '2022-11-26', '10:00:00', '17:00:00', 228, NULL, NULL, 1),
(542, '2022-11-26', '10:00:00', '17:00:00', 229, NULL, NULL, 1),
(543, '2022-11-27', '10:00:00', '17:00:00', 226, NULL, NULL, 1),
(544, '2022-11-27', '10:00:00', '17:00:00', 227, NULL, NULL, 1),
(545, '2022-11-27', '10:00:00', '17:00:00', 228, NULL, NULL, 1),
(546, '2022-11-27', '10:00:00', '17:00:00', 229, NULL, NULL, 1),
(547, '2022-11-28', '10:00:00', '17:00:00', 226, NULL, NULL, 1),
(548, '2022-11-28', '10:00:00', '17:00:00', 227, NULL, NULL, 1),
(549, '2022-11-28', '10:00:00', '17:00:00', 228, NULL, NULL, 1),
(550, '2022-11-28', '10:00:00', '17:00:00', 229, NULL, NULL, 1),
(551, '2022-11-29', '10:00:00', '17:00:00', 226, NULL, NULL, 1),
(552, '2022-11-29', '10:00:00', '17:00:00', 227, NULL, NULL, 1),
(553, '2022-11-29', '10:00:00', '17:00:00', 228, NULL, NULL, 1),
(554, '2022-11-29', '10:00:00', '17:00:00', 229, NULL, NULL, 1),
(555, '2022-11-30', '10:00:00', '17:00:00', 226, NULL, NULL, 1),
(556, '2022-11-30', '10:00:00', '17:00:00', 227, NULL, NULL, 1),
(557, '2022-11-30', '10:00:00', '17:00:00', 228, NULL, NULL, 1),
(558, '2022-11-30', '10:00:00', '17:00:00', 229, NULL, NULL, 1),
(559, '2022-12-01', '10:00:00', '17:00:00', 226, NULL, NULL, 1),
(560, '2022-12-01', '10:00:00', '17:00:00', 227, NULL, NULL, 1),
(561, '2022-12-01', '10:00:00', '17:00:00', 228, NULL, NULL, 1),
(562, '2022-12-01', '10:00:00', '17:00:00', 229, NULL, NULL, 1),
(563, '2022-12-02', '10:00:00', '17:00:00', 226, NULL, NULL, 1),
(564, '2022-12-02', '10:00:00', '17:00:00', 227, NULL, NULL, 1),
(565, '2022-12-02', '10:00:00', '17:00:00', 228, NULL, NULL, 1),
(566, '2022-12-02', '10:00:00', '17:00:00', 229, NULL, NULL, 1),
(567, '2022-12-03', '10:00:00', '17:00:00', 226, NULL, NULL, 1),
(568, '2022-12-03', '10:00:00', '17:00:00', 227, NULL, NULL, 1),
(569, '2022-12-03', '10:00:00', '17:00:00', 228, NULL, NULL, 1),
(570, '2022-12-03', '10:00:00', '17:00:00', 229, NULL, NULL, 1),
(571, '2022-12-04', '10:00:00', '17:00:00', 226, NULL, NULL, 1),
(572, '2022-12-04', '10:00:00', '17:00:00', 227, NULL, NULL, 1),
(573, '2022-12-04', '10:00:00', '17:00:00', 228, NULL, NULL, 1),
(574, '2022-12-04', '10:00:00', '17:00:00', 229, NULL, NULL, 1),
(575, '2022-12-05', '10:00:00', '17:00:00', 226, NULL, NULL, 1),
(576, '2022-12-05', '10:00:00', '17:00:00', 227, NULL, NULL, 1),
(577, '2022-12-05', '10:00:00', '17:00:00', 228, NULL, NULL, 1),
(578, '2022-12-05', '10:00:00', '17:00:00', 229, NULL, NULL, 1),
(579, '2022-12-06', '10:00:00', '17:00:00', 226, NULL, NULL, 1),
(580, '2022-12-06', '10:00:00', '17:00:00', 227, NULL, NULL, 1),
(581, '2022-12-06', '10:00:00', '17:00:00', 228, NULL, NULL, 1),
(582, '2022-12-06', '10:00:00', '17:00:00', 229, NULL, NULL, 1),
(583, '2022-12-07', '10:00:00', '17:00:00', 226, NULL, NULL, 1),
(584, '2022-12-07', '10:00:00', '17:00:00', 227, NULL, NULL, 1),
(585, '2022-12-07', '10:00:00', '17:00:00', 228, NULL, NULL, 1),
(586, '2022-12-07', '10:00:00', '17:00:00', 229, NULL, NULL, 1),
(587, '2022-12-08', '10:00:00', '17:00:00', 226, NULL, NULL, 1),
(588, '2022-12-08', '10:00:00', '17:00:00', 227, NULL, NULL, 1),
(589, '2022-12-08', '10:00:00', '17:00:00', 228, NULL, NULL, 1),
(590, '2022-12-08', '10:00:00', '17:00:00', 229, NULL, NULL, 1),
(591, '2022-12-09', '10:00:00', '17:00:00', 226, NULL, NULL, 1),
(592, '2022-12-09', '10:00:00', '17:00:00', 227, NULL, NULL, 1),
(593, '2022-12-09', '10:00:00', '17:00:00', 228, NULL, NULL, 1),
(594, '2022-12-09', '10:00:00', '17:00:00', 229, NULL, NULL, 1),
(595, '2022-12-10', '10:00:00', '17:00:00', 226, NULL, NULL, 1),
(596, '2022-12-10', '10:00:00', '17:00:00', 227, NULL, NULL, 1),
(597, '2022-12-10', '10:00:00', '17:00:00', 228, NULL, NULL, 1),
(598, '2022-12-10', '10:00:00', '17:00:00', 229, NULL, NULL, 1),
(599, '2022-12-11', '10:00:00', '17:00:00', 226, NULL, NULL, 1),
(600, '2022-12-11', '10:00:00', '17:00:00', 227, NULL, NULL, 1),
(601, '2022-12-11', '10:00:00', '17:00:00', 228, NULL, NULL, 1),
(602, '2022-12-11', '10:00:00', '17:00:00', 229, NULL, NULL, 1),
(603, '2022-12-12', '10:00:00', '17:00:00', 226, NULL, NULL, 1),
(604, '2022-12-12', '10:00:00', '17:00:00', 227, NULL, NULL, 1),
(605, '2022-12-12', '10:00:00', '17:00:00', 228, NULL, NULL, 1),
(606, '2022-12-12', '10:00:00', '17:00:00', 229, NULL, NULL, 1),
(607, '2022-12-13', '10:00:00', '17:00:00', 226, NULL, NULL, 1),
(608, '2022-12-13', '10:00:00', '17:00:00', 227, NULL, NULL, 1),
(609, '2022-12-13', '10:00:00', '17:00:00', 228, NULL, NULL, 1),
(610, '2022-12-13', '10:00:00', '17:00:00', 229, NULL, NULL, 1),
(611, '2022-12-14', '10:00:00', '17:00:00', 226, NULL, NULL, 1),
(612, '2022-12-14', '10:00:00', '17:00:00', 227, NULL, NULL, 1),
(613, '2022-12-14', '10:00:00', '17:00:00', 228, NULL, NULL, 1),
(614, '2022-12-14', '10:00:00', '17:00:00', 229, NULL, NULL, 1),
(615, '2022-12-15', '10:00:00', '17:00:00', 226, NULL, NULL, 1),
(616, '2022-12-15', '10:00:00', '17:00:00', 227, NULL, NULL, 1),
(617, '2022-12-15', '10:00:00', '17:00:00', 228, NULL, NULL, 1),
(618, '2022-12-15', '10:00:00', '17:00:00', 229, NULL, NULL, 1),
(619, '2022-12-16', '10:00:00', '17:00:00', 226, NULL, NULL, 1),
(620, '2022-12-16', '10:00:00', '17:00:00', 227, NULL, NULL, 1),
(621, '2022-12-16', '10:00:00', '17:00:00', 228, NULL, NULL, 1),
(622, '2022-12-16', '10:00:00', '17:00:00', 229, NULL, NULL, 1),
(623, '2022-12-17', '10:00:00', '17:00:00', 226, NULL, NULL, 1),
(624, '2022-12-17', '10:00:00', '17:00:00', 227, NULL, NULL, 1),
(625, '2022-12-17', '10:00:00', '17:00:00', 228, NULL, NULL, 1),
(626, '2022-12-17', '10:00:00', '17:00:00', 229, NULL, NULL, 1),
(627, '2022-12-18', '10:00:00', '17:00:00', 226, NULL, NULL, 1),
(628, '2022-12-18', '10:00:00', '17:00:00', 227, NULL, NULL, 1),
(629, '2022-12-18', '10:00:00', '17:00:00', 228, NULL, NULL, 1),
(630, '2022-12-18', '10:00:00', '17:00:00', 229, NULL, NULL, 1),
(631, '2022-12-19', '10:00:00', '17:00:00', 226, NULL, NULL, 1),
(632, '2022-12-19', '10:00:00', '17:00:00', 227, NULL, NULL, 1),
(633, '2022-12-19', '10:00:00', '17:00:00', 228, NULL, NULL, 1),
(634, '2022-12-19', '10:00:00', '17:00:00', 229, NULL, NULL, 1),
(635, '2022-12-20', '10:00:00', '17:00:00', 226, NULL, NULL, 1),
(636, '2022-12-20', '10:00:00', '17:00:00', 227, NULL, NULL, 1),
(637, '2022-12-20', '10:00:00', '17:00:00', 228, NULL, NULL, 1),
(638, '2022-12-20', '10:00:00', '17:00:00', 229, NULL, NULL, 1),
(639, '2022-12-21', '10:00:00', '17:00:00', 226, NULL, NULL, 1),
(640, '2022-12-21', '10:00:00', '17:00:00', 227, NULL, NULL, 1),
(641, '2022-12-21', '10:00:00', '17:00:00', 228, NULL, NULL, 1),
(642, '2022-12-21', '10:00:00', '17:00:00', 229, NULL, NULL, 1),
(643, '2022-12-22', '10:00:00', '17:00:00', 226, NULL, NULL, 1),
(644, '2022-12-22', '10:00:00', '17:00:00', 227, NULL, NULL, 1),
(645, '2022-12-22', '10:00:00', '17:00:00', 228, NULL, NULL, 1),
(646, '2022-12-22', '10:00:00', '17:00:00', 229, NULL, NULL, 1),
(647, '2022-12-23', '10:00:00', '17:00:00', 226, NULL, NULL, 1),
(648, '2022-12-23', '10:00:00', '17:00:00', 227, NULL, NULL, 1),
(649, '2022-12-23', '10:00:00', '17:00:00', 228, NULL, NULL, 1),
(650, '2022-12-23', '10:00:00', '17:00:00', 229, NULL, NULL, 1),
(651, '2022-12-24', '10:00:00', '17:00:00', 226, NULL, NULL, 1),
(652, '2022-12-24', '10:00:00', '17:00:00', 227, NULL, NULL, 1),
(653, '2022-12-24', '10:00:00', '17:00:00', 228, NULL, NULL, 1),
(654, '2022-12-24', '10:00:00', '17:00:00', 229, NULL, NULL, 1),
(655, '2022-12-25', '10:00:00', '17:00:00', 226, NULL, NULL, 1),
(656, '2022-12-25', '10:00:00', '17:00:00', 227, NULL, NULL, 1),
(657, '2022-12-25', '10:00:00', '17:00:00', 228, NULL, NULL, 1),
(658, '2022-12-25', '10:00:00', '17:00:00', 229, NULL, NULL, 1),
(659, '2022-12-26', '10:00:00', '17:00:00', 226, NULL, NULL, 1),
(660, '2022-12-26', '10:00:00', '17:00:00', 227, NULL, NULL, 1),
(661, '2022-12-26', '10:00:00', '17:00:00', 228, NULL, NULL, 1),
(662, '2022-12-26', '10:00:00', '17:00:00', 229, NULL, NULL, 1),
(663, '2022-12-27', '10:00:00', '17:00:00', 226, NULL, NULL, 1),
(664, '2022-12-27', '10:00:00', '17:00:00', 227, NULL, NULL, 1),
(665, '2022-12-27', '10:00:00', '17:00:00', 228, NULL, NULL, 1),
(666, '2022-12-27', '10:00:00', '17:00:00', 229, NULL, NULL, 1),
(667, '2022-12-28', '10:00:00', '17:00:00', 226, NULL, NULL, 1),
(668, '2022-12-28', '10:00:00', '17:00:00', 227, NULL, NULL, 1),
(669, '2022-12-28', '10:00:00', '17:00:00', 228, NULL, NULL, 1),
(670, '2022-12-28', '10:00:00', '17:00:00', 229, NULL, NULL, 1),
(671, '2022-12-29', '10:00:00', '17:00:00', 226, NULL, NULL, 1),
(672, '2022-12-29', '10:00:00', '17:00:00', 227, NULL, NULL, 1),
(673, '2022-12-29', '10:00:00', '17:00:00', 228, NULL, NULL, 1),
(674, '2022-12-29', '10:00:00', '17:00:00', 229, NULL, NULL, 1),
(675, '2022-12-30', '10:00:00', '17:00:00', 226, NULL, NULL, 1),
(676, '2022-12-30', '10:00:00', '17:00:00', 227, NULL, NULL, 1),
(677, '2022-12-30', '10:00:00', '17:00:00', 228, NULL, NULL, 1),
(678, '2022-12-30', '10:00:00', '17:00:00', 229, NULL, NULL, 1),
(679, '2022-12-31', '10:00:00', '17:00:00', 226, NULL, NULL, 1),
(680, '2022-12-31', '10:00:00', '17:00:00', 227, NULL, NULL, 1),
(681, '2022-12-31', '10:00:00', '17:00:00', 228, NULL, NULL, 1),
(682, '2022-12-31', '10:00:00', '17:00:00', 229, NULL, NULL, 1),
(683, '2023-01-01', '10:00:00', '17:00:00', 226, NULL, NULL, 1),
(684, '2023-01-01', '10:00:00', '17:00:00', 227, NULL, NULL, 1),
(685, '2023-01-01', '10:00:00', '17:00:00', 228, NULL, NULL, 1),
(686, '2023-01-01', '10:00:00', '17:00:00', 229, NULL, NULL, 1),
(687, '2023-01-02', '10:00:00', '17:00:00', 226, NULL, NULL, 1),
(688, '2023-01-02', '10:00:00', '17:00:00', 227, NULL, NULL, 1),
(689, '2023-01-02', '10:00:00', '17:00:00', 228, NULL, NULL, 1),
(690, '2023-01-02', '10:00:00', '17:00:00', 229, NULL, NULL, 1),
(691, '2023-01-03', '10:00:00', '17:00:00', 226, NULL, NULL, 1),
(692, '2023-01-03', '10:00:00', '17:00:00', 227, NULL, NULL, 1),
(693, '2023-01-03', '10:00:00', '17:00:00', 228, NULL, NULL, 1),
(694, '2023-01-03', '10:00:00', '17:00:00', 229, NULL, NULL, 1),
(695, '2023-01-04', '10:00:00', '17:00:00', 226, NULL, NULL, 1),
(696, '2023-01-04', '10:00:00', '17:00:00', 227, NULL, NULL, 1),
(697, '2023-01-04', '10:00:00', '17:00:00', 228, NULL, NULL, 1),
(698, '2023-01-04', '10:00:00', '17:00:00', 229, NULL, NULL, 1),
(699, '2023-01-05', '10:00:00', '17:00:00', 226, NULL, NULL, 1),
(700, '2023-01-05', '10:00:00', '17:00:00', 227, NULL, NULL, 1),
(701, '2023-01-05', '10:00:00', '17:00:00', 228, NULL, NULL, 1),
(702, '2023-01-05', '10:00:00', '17:00:00', 229, NULL, NULL, 1),
(703, '2023-01-06', '10:00:00', '17:00:00', 226, NULL, NULL, 1),
(704, '2023-01-06', '10:00:00', '17:00:00', 227, NULL, NULL, 1),
(705, '2023-01-06', '10:00:00', '17:00:00', 228, NULL, NULL, 1),
(706, '2023-01-06', '10:00:00', '17:00:00', 229, NULL, NULL, 1),
(707, '2023-01-07', '10:00:00', '17:00:00', 226, NULL, NULL, 1),
(708, '2023-01-07', '10:00:00', '17:00:00', 227, NULL, NULL, 1),
(709, '2023-01-07', '10:00:00', '17:00:00', 228, NULL, NULL, 1),
(710, '2023-01-07', '10:00:00', '17:00:00', 229, NULL, NULL, 1),
(711, '2023-01-08', '10:00:00', '17:00:00', 226, NULL, NULL, 1),
(712, '2023-01-08', '10:00:00', '17:00:00', 227, NULL, NULL, 1),
(713, '2023-01-08', '10:00:00', '17:00:00', 228, NULL, NULL, 1),
(714, '2023-01-08', '10:00:00', '17:00:00', 229, NULL, NULL, 1),
(715, '2023-01-09', '10:00:00', '17:00:00', 226, NULL, NULL, 1),
(716, '2023-01-09', '10:00:00', '17:00:00', 227, NULL, NULL, 1),
(717, '2023-01-09', '10:00:00', '17:00:00', 228, NULL, NULL, 1),
(718, '2023-01-09', '10:00:00', '17:00:00', 229, NULL, NULL, 1),
(719, '2023-01-10', '10:00:00', '17:00:00', 226, NULL, NULL, 1),
(720, '2023-01-10', '10:00:00', '17:00:00', 227, NULL, NULL, 1),
(721, '2023-01-10', '10:00:00', '17:00:00', 228, NULL, NULL, 1),
(722, '2023-01-10', '10:00:00', '17:00:00', 229, NULL, NULL, 1),
(723, '2023-01-11', '10:00:00', '17:00:00', 226, NULL, NULL, 1),
(724, '2023-01-11', '10:00:00', '17:00:00', 227, NULL, NULL, 1),
(725, '2023-01-11', '10:00:00', '17:00:00', 228, NULL, NULL, 1),
(726, '2023-01-11', '10:00:00', '17:00:00', 229, NULL, NULL, 1),
(727, '2023-01-12', '10:00:00', '17:00:00', 226, NULL, NULL, 1),
(728, '2023-01-12', '10:00:00', '17:00:00', 227, NULL, NULL, 1),
(729, '2023-01-12', '10:00:00', '17:00:00', 228, NULL, NULL, 1),
(730, '2023-01-12', '10:00:00', '17:00:00', 229, NULL, NULL, 1),
(731, '2023-01-13', '10:00:00', '17:00:00', 226, NULL, NULL, 1),
(732, '2023-01-13', '10:00:00', '17:00:00', 227, NULL, NULL, 1),
(733, '2023-01-13', '10:00:00', '17:00:00', 228, NULL, NULL, 1),
(734, '2023-01-13', '10:00:00', '17:00:00', 229, NULL, NULL, 1),
(735, '2023-01-14', '10:00:00', '17:00:00', 226, NULL, NULL, 1),
(736, '2023-01-14', '10:00:00', '17:00:00', 227, NULL, NULL, 1),
(737, '2023-01-14', '10:00:00', '17:00:00', 228, NULL, NULL, 1),
(738, '2023-01-14', '10:00:00', '17:00:00', 229, NULL, NULL, 1),
(739, '2023-01-15', '10:00:00', '17:00:00', 226, NULL, NULL, 1),
(740, '2023-01-15', '10:00:00', '17:00:00', 227, NULL, NULL, 1),
(741, '2023-01-15', '10:00:00', '17:00:00', 228, NULL, NULL, 1),
(742, '2023-01-15', '10:00:00', '17:00:00', 229, NULL, NULL, 1),
(743, '2023-01-16', '10:00:00', '17:00:00', 226, NULL, NULL, 1),
(744, '2023-01-16', '10:00:00', '17:00:00', 227, NULL, NULL, 1),
(745, '2023-01-16', '10:00:00', '17:00:00', 228, NULL, NULL, 1),
(746, '2023-01-16', '10:00:00', '17:00:00', 229, NULL, NULL, 1),
(747, '2023-01-17', '10:00:00', '17:00:00', 226, NULL, NULL, 1),
(748, '2023-01-17', '10:00:00', '17:00:00', 227, NULL, NULL, 1),
(749, '2023-01-17', '10:00:00', '17:00:00', 228, NULL, NULL, 1),
(750, '2023-01-17', '10:00:00', '17:00:00', 229, NULL, NULL, 1),
(751, '2023-01-18', '10:00:00', '17:00:00', 226, NULL, NULL, 1),
(752, '2023-01-18', '10:00:00', '17:00:00', 227, NULL, NULL, 1),
(753, '2023-01-18', '10:00:00', '17:00:00', 228, NULL, NULL, 1),
(754, '2023-01-18', '10:00:00', '17:00:00', 229, NULL, NULL, 1),
(755, '2023-01-19', '10:00:00', '17:00:00', 226, NULL, NULL, 1),
(756, '2023-01-19', '10:00:00', '17:00:00', 227, NULL, NULL, 1),
(757, '2023-01-19', '10:00:00', '17:00:00', 228, NULL, NULL, 1),
(758, '2023-01-19', '10:00:00', '17:00:00', 229, NULL, NULL, 1),
(759, '2023-01-20', '10:00:00', '17:00:00', 226, NULL, NULL, 1),
(760, '2023-01-20', '10:00:00', '17:00:00', 227, NULL, NULL, 1),
(761, '2023-01-20', '10:00:00', '17:00:00', 228, NULL, NULL, 1),
(762, '2023-01-20', '10:00:00', '17:00:00', 229, NULL, NULL, 1),
(763, '2023-01-21', '10:00:00', '17:00:00', 226, NULL, NULL, 1),
(764, '2023-01-21', '10:00:00', '17:00:00', 227, NULL, NULL, 1),
(765, '2023-01-21', '10:00:00', '17:00:00', 228, NULL, NULL, 1),
(766, '2023-01-21', '10:00:00', '17:00:00', 229, NULL, NULL, 1),
(767, '2023-01-22', '10:00:00', '17:00:00', 226, NULL, NULL, 1),
(768, '2023-01-22', '10:00:00', '17:00:00', 227, NULL, NULL, 1);

-- --------------------------------------------------------

--
-- Table structure for table `employee_contacts`
--

CREATE TABLE `employee_contacts` (
  `id` int(10) UNSIGNED NOT NULL,
  `contact_name` varchar(255) DEFAULT NULL,
  `contact_email` varchar(255) DEFAULT NULL,
  `contact_number` text DEFAULT NULL,
  `employee_id` int(10) UNSIGNED DEFAULT NULL,
  `created_at` timestamp NULL DEFAULT NULL,
  `updated_at` timestamp NULL DEFAULT NULL
) ENGINE=InnoDB DEFAULT CHARSET=utf8mb4 COLLATE=utf8mb4_unicode_ci;

--
-- Dumping data for table `employee_contacts`
--

INSERT INTO `employee_contacts` (`id`, `contact_name`, `contact_email`, `contact_number`, `employee_id`, `created_at`, `updated_at`) VALUES
(239, 'Alda Gibson', 'rowland74@pfannerstill.com', '0187456987', 226, '2023-02-14 09:32:44', '2023-02-14 09:32:44'),
(240, 'Sheridan Dach', 'okuneva.maci@padberg.net', '0187456988', 227, '2023-02-14 09:32:44', '2023-02-14 09:32:44'),
(241, 'Eulalia Gutkowski', 'elfrieda.hansen@gmail.com', '0187456989', 228, '2023-02-14 09:32:45', '2023-02-14 09:32:45'),
(242, 'Mrs. Elza Barrows DDS', 'corkery.shyann@yahoo.com', '0187456986', 229, '2023-02-14 09:32:45', '2023-02-14 09:32:45'),
(243, 'Mara Bogan Jr.', 'cletus.gleichner@yahoo.com', '0187456985', 230, '2023-02-14 09:32:45', '2023-02-14 09:32:45'),
(244, 'Whitney Heidenreich', 'tcartwright@kihn.com', '0187456984', 231, '2023-02-14 09:32:45', '2023-02-14 09:32:45'),
(245, 'Baron Grady', 'bode.dion@jerde.com', '0187456983', 232, '2023-02-14 09:32:45', '2023-02-14 09:32:45'),
(246, 'Miss Anastasia Crooks II', 'brisa34@hotmail.com', '0187456982', 233, '2023-02-14 09:32:45', '2023-02-14 09:32:45'),
(247, 'Eliza Paucek', 'patrick.kshlerin@gmail.com', '0187456981', 234, '2023-02-14 09:32:46', '2023-02-14 09:32:46'),
(248, 'Alvis Adams', 'dickens.jedediah@yahoo.com', '0187456997', 235, '2023-02-14 09:32:46', '2023-02-14 09:32:46'),
(249, NULL, NULL, NULL, 236, '2023-02-14 10:10:17', '2023-02-14 10:10:17');

-- --------------------------------------------------------

--
-- Table structure for table `employee_details`
--

CREATE TABLE `employee_details` (
  `id` int(10) UNSIGNED NOT NULL,
  `address` varchar(255) DEFAULT NULL,
  `photo` varchar(255) DEFAULT NULL,
  `employee_id` int(10) UNSIGNED DEFAULT NULL,
  `created_at` timestamp NULL DEFAULT NULL,
  `updated_at` timestamp NULL DEFAULT NULL
) ENGINE=InnoDB DEFAULT CHARSET=utf8mb4 COLLATE=utf8mb4_unicode_ci;

--
-- Dumping data for table `employee_details`
--

INSERT INTO `employee_details` (`id`, `address`, `photo`, `employee_id`, `created_at`, `updated_at`) VALUES
(468, '4665 Becker Plaza Apt. 922\nPort Devonteville, AR 00828-6177', NULL, 226, '2023-02-14 09:32:44', '2023-02-14 09:32:44'),
(469, '900 Reilly Keys Suite 302\nMoenmouth, OK 77076', NULL, 227, '2023-02-14 09:32:44', '2023-02-14 09:32:44'),
(470, '45964 Brain Glen\nSouth Eliezerfurt, AK 06239-7883', NULL, 228, '2023-02-14 09:32:44', '2023-02-14 09:32:44'),
(471, '571 Koss Harbors\nEast Cleorahaven, NY 62337-9782', NULL, 229, '2023-02-14 09:32:45', '2023-02-14 09:32:45'),
(472, '67205 Wilkinson Crossroad Apt. 214\nTaylorport, MA 07965-1561', NULL, 230, '2023-02-14 09:32:45', '2023-02-14 09:32:45'),
(473, '177 Mitchell Fields\nWilmerland, TN 55403', NULL, 231, '2023-02-14 09:32:45', '2023-02-14 09:32:45'),
(474, '983 Lisandro Mountains Apt. 175\nRomagueratown, HI 56245-2510', NULL, 232, '2023-02-14 09:32:45', '2023-02-14 09:32:45'),
(475, '2595 Lea Stream\nAldaberg, MD 17791', NULL, 233, '2023-02-14 09:32:45', '2023-02-14 09:32:45'),
(476, '678 Jamie Curve\nNew Patience, OH 41320-6078', NULL, 234, '2023-02-14 09:32:45', '2023-02-14 09:32:45'),
(477, '765 Trevor Common\nFlorenceborough, AR 05644', NULL, 235, '2023-02-14 09:32:46', '2023-02-14 09:32:46'),
(478, NULL, 'https://lh3.googleusercontent.com/a/AEdFTp7MMPk3KcKSK-EYvKR7NFoIPyME531C9jXxBYsG=s96-c', 236, '2023-02-14 10:10:16', '2023-02-14 10:10:16');

-- --------------------------------------------------------

--
-- Table structure for table `migrations`
--

CREATE TABLE `migrations` (
  `id` int(10) UNSIGNED NOT NULL,
  `migration` varchar(255) NOT NULL,
  `batch` int(11) NOT NULL
) ENGINE=InnoDB DEFAULT CHARSET=utf8mb4 COLLATE=utf8mb4_unicode_ci;

--
-- Dumping data for table `migrations`
--

INSERT INTO `migrations` (`id`, `migration`, `batch`) VALUES
(1, '2023_02_11_140412_create_employees_table', 1),
(2, '2023_02_11_140443_create_employee_details_table', 2),
(3, '2023_02_11_140515_create_employee_contacts_table', 3),
(4, '2023_02_11_140530_create_employee_attendances_table', 4);

--
-- Indexes for dumped tables
--

--
-- Indexes for table `employees`
--
ALTER TABLE `employees`
  ADD PRIMARY KEY (`id`),
  ADD UNIQUE KEY `employees_email_unique` (`email`);

--
-- Indexes for table `employee_attendances`
--
ALTER TABLE `employee_attendances`
  ADD PRIMARY KEY (`id`),
  ADD KEY `employee_attendances_employee_id_index` (`employee_id`);

--
-- Indexes for table `employee_contacts`
--
ALTER TABLE `employee_contacts`
  ADD PRIMARY KEY (`id`),
  ADD KEY `employee_contacts_employee_id_index` (`employee_id`);

--
-- Indexes for table `employee_details`
--
ALTER TABLE `employee_details`
  ADD PRIMARY KEY (`id`),
  ADD KEY `employee_details_emoloyee_id_index` (`employee_id`);

--
-- Indexes for table `migrations`
--
ALTER TABLE `migrations`
  ADD PRIMARY KEY (`id`);

--
-- AUTO_INCREMENT for dumped tables
--

--
-- AUTO_INCREMENT for table `employees`
--
ALTER TABLE `employees`
  MODIFY `id` int(10) UNSIGNED NOT NULL AUTO_INCREMENT, AUTO_INCREMENT=237;

--
-- AUTO_INCREMENT for table `employee_attendances`
--
ALTER TABLE `employee_attendances`
  MODIFY `id` int(10) UNSIGNED NOT NULL AUTO_INCREMENT, AUTO_INCREMENT=769;

--
-- AUTO_INCREMENT for table `employee_contacts`
--
ALTER TABLE `employee_contacts`
  MODIFY `id` int(10) UNSIGNED NOT NULL AUTO_INCREMENT, AUTO_INCREMENT=250;

--
-- AUTO_INCREMENT for table `employee_details`
--
ALTER TABLE `employee_details`
  MODIFY `id` int(10) UNSIGNED NOT NULL AUTO_INCREMENT, AUTO_INCREMENT=479;

--
-- AUTO_INCREMENT for table `migrations`
--
ALTER TABLE `migrations`
  MODIFY `id` int(10) UNSIGNED NOT NULL AUTO_INCREMENT, AUTO_INCREMENT=5;

--
-- Constraints for dumped tables
--

--
-- Constraints for table `employee_attendances`
--
ALTER TABLE `employee_attendances`
  ADD CONSTRAINT `employee_attendances_employee_id_foreign` FOREIGN KEY (`employee_id`) REFERENCES `employees` (`id`) ON DELETE CASCADE;

--
-- Constraints for table `employee_contacts`
--
ALTER TABLE `employee_contacts`
  ADD CONSTRAINT `employee_contacts_employee_id_foreign` FOREIGN KEY (`employee_id`) REFERENCES `employees` (`id`) ON DELETE CASCADE;

--
-- Constraints for table `employee_details`
--
ALTER TABLE `employee_details`
  ADD CONSTRAINT `employee_details_emoloyee_id_foreign` FOREIGN KEY (`employee_id`) REFERENCES `employees` (`id`) ON DELETE CASCADE;
COMMIT;

/*!40101 SET CHARACTER_SET_CLIENT=@OLD_CHARACTER_SET_CLIENT */;
/*!40101 SET CHARACTER_SET_RESULTS=@OLD_CHARACTER_SET_RESULTS */;
/*!40101 SET COLLATION_CONNECTION=@OLD_COLLATION_CONNECTION */;
